method,k,tau,false_activation,hard_success,mean_cost,rejection_rate,corrective_per_mission
scratch,1,0.0,0.05494303564865858,0.889,17.892,0.0,1.1973333333333334
mae,1,0.0,0.05512679162072767,0.8813333333333333,17.828,0.0,1.1226666666666667
supMAE,1,0.0,0.04299889746416759,0.9376666666666666,15.988333333333333,0.0,0.905
supLP120,1,0.0,0.046857772877618525,0.779,19.271333333333335,0.0,0.8393333333333334
supcon,1,0.0,0.05328923190003675,0.973,14.806,0.0,0.7553333333333333
scratch,1,0.3,0.05494303564865858,0.889,17.892,0.0,1.1973333333333334
mae,1,0.3,0.0543917677324513,0.8813333333333333,17.828,0.0,1.1226666666666667
supMAE,1,0.3,0.042080117603822124,0.9376666666666666,15.988333333333333,0.0,0.905
supLP120,1,0.3,0.046857772877618525,0.779,19.271333333333335,0.0,0.8393333333333334
supcon,1,0.3,0.05292171995589857,0.9733333333333334,14.870333333333333,0.000444247001332741,0.775
scratch,1,0.5,0.05108416023520764,0.9263333333333333,16.979333333333333,0.022004889975550123,1.0653333333333332
mae,1,0.5,0.04557148107313488,0.885,17.817666666666668,0.009628610729023384,1.1003333333333334
supMAE,1,0.5,0.036751194413818446,0.923,16.282,0.017279502088281058,0.8303333333333334
supLP120,1,0.5,0.040793825799338476,0.7986666666666666,18.863,0.02899527983816588,0.7126666666666667
supcon,1,0.5,0.04759279676589489,0.985,14.487,0.013157894736842105,0.6756666666666666
scratch,1,0.6,0.04116133774347666,0.929,17.058333333333334,0.06410856340664482,0.9343333333333333
mae,1,0.6,0.03123851525174568,0.9003333333333333,17.520333333333333,0.04099736274274754,0.978
supMAE,1,0.6,0.03234105108416024,0.947,15.883,0.04681211607710231,0.7423333333333333
supLP120,1,0.6,0.03491363469312753,0.818,18.298,0.05315483548565267,0.5703333333333334
supcon,1,0.6,0.03858875413450937,0.9886666666666667,14.394333333333334,0.032856029874002636,0.5866666666666667
scratch,1,0.7,0.033443586916574786,0.953,16.796,0.11608721272834413,0.76
mae,1,0.7,0.02278574053656744,0.9383333333333334,16.975666666666665,0.08826136507534507,0.8513333333333334
supMAE,1,0.7,0.02701212789415656,0.9506666666666667,15.997333333333334,0.07672968882275981,0.6723333333333333
supLP120,1,0.7,0.0284821756707093,0.847,17.841,0.08001328869694105,0.5346666666666666
supcon,1,0.7,0.03325983094450569,0.9906666666666667,14.323,0.05803548066356167,0.4656666666666667
scratch,1,0.8,0.027379639838294743,0.9526666666666667,17.223,0.18287363111737173,0.5483333333333333
mae,1,0.8,0.01617052554208012,0.944,17.276333333333334,0.14297286350749291,0.724
supMAE,1,0.8,0.02296949650863653,0.975,15.756,0.1178416525766375,0.551
supLP120,1,0.8,0.024990812201396546,0.883,17.324333333333332,0.10970422395884855,0.4663333333333333
supcon,1,0.8,0.02682837192208747,0.993,14.402,0.08654944051153231,0.375
scratch,1,0.85,0.023153252480705624,0.9463333333333334,17.375666666666667,0.2255704017095862,0.32
mae,1,0.85,0.014149209849320103,0.9396666666666667,17.700333333333333,0.179110613708517,0.6486666666666666
supMAE,1,0.85,0.0213156927600147,0.9966666666666667,15.599666666666666,0.1461505621175466,0.493
supLP120,1,0.85,0.02113193678794561,0.8963333333333333,17.333666666666666,0.1333959266214069,0.45366666666666666
supcon,1,0.85,0.02462330025725836,0.997,14.629,0.11350259807422365,0.3466666666666667
scratch,1,0.9,0.01966188901139287,0.9296666666666666,18.129,0.2710951893551689,0.24633333333333332
mae,1,0.9,0.010474090407938258,0.9383333333333334,18.334666666666667,0.2492269505037969,0.5116666666666667
supMAE,1,0.9,0.019294377067254686,0.9983333333333333,16.076,0.1857336956521739,0.452
supLP120,1,0.9,0.016905549430356485,0.9236666666666666,17.315,0.16823877560456837,0.459
supcon,1,0.9,0.020764424843807423,0.9986666666666667,14.796666666666667,0.14199503864135102,0.274
scratch,1,0.93,0.016905549430356485,0.9143333333333333,18.846333333333334,0.3138721585389547,0.201
mae,1,0.93,0.008269018743109152,0.92,19.306,0.3068282067870376,0.43433333333333335
supMAE,1,0.93,0.017640573318632856,0.9956666666666667,16.55666666666667,0.22333773286885777,0.38366666666666666
supLP120,1,0.93,0.014884233737596472,0.937,17.453,0.19855973959378415,0.42733333333333334
supcon,1,0.93,0.018191841234840134,0.998,15.184333333333333,0.16942301473645308,0.251
scratch,1,0.95,0.015435501653803748,0.899,19.499666666666666,0.3558738618698645,0.18033333333333335
mae,1,0.95,0.007166482910694598,0.876,20.287,0.3558275361779696,0.37766666666666665
supMAE,1,0.95,0.01470047776552738,0.991,17.391666666666666,0.27084012385919165,0.343
supLP120,1,0.95,0.012495406100698273,0.9446666666666667,17.612333333333332,0.22272766658001905,0.4236666666666667
supcon,1,0.95,0.014884233737596472,0.996,15.479333333333333,0.18829246242513278,0.24366666666666667
scratch,1,0.97,0.01396545387725101,0.8363333333333334,20.362333333333332,0.4249234622877818,0.151
mae,1,0.97,0.005145167217934583,0.7953333333333333,21.27,0.43568249129674214,0.29033333333333333
supMAE,1,0.97,0.011760382212421904,0.974,18.488666666666667,0.33397992429235956,0.263
supLP120,1,0.97,0.009187798603454611,0.9433333333333334,18.254666666666665,0.27225248383213985,0.38966666666666666
supcon,1,0.97,0.011944138184490995,0.984,16.162,0.2348587243354573,0.20833333333333334
scratch,1,0.99,0.008820286659316428,0.6393333333333333,19.322666666666667,0.5320887833330423,0.07833333333333334
mae,1,0.99,0.0031238515251745683,0.5376666666666666,20.626333333333335,0.5636753353316476,0.158
supMAE,1,0.99,0.006431459022418228,0.8286666666666667,20.288666666666668,0.4626855589144276,0.18366666666666667
supLP120,1,0.99,0.004410143329658214,0.8763333333333333,20.128,0.4007046367933715,0.369
supcon,1,0.99,0.007717750826901874,0.8583333333333333,17.933,0.3771135091465174,0.20133333333333334
scratch,3,0.0,0.025440705128205128,0.9906666666666667,14.754666666666667,0.0,0.856
mae,3,0.0,0.030248397435897436,0.9726666666666667,13.875666666666667,0.0,0.443
supMAE,3,0.0,0.019230769230769232,0.986,13.255,0.0,0.325
supLP120,3,0.0,0.017427884615384616,0.954,13.619,0.0,0.22633333333333333
supcon,3,0.0,0.016025641025641024,0.959,13.783666666666667,0.0,0.31233333333333335
scratch,3,0.3,0.025240384615384616,0.9903333333333333,14.776,0.0008880994671403197,0.8573333333333333
mae,3,0.3,0.029847756410256412,0.9726666666666667,13.875666666666667,0.0,0.443
supMAE,3,0.3,0.019230769230769232,0.986,13.255,0.0,0.325
supLP120,3,0.3,0.017427884615384616,0.954,13.619,0.0,0.22633333333333333
supcon,3,0.3,0.015625,0.9596666666666667,13.751666666666667,0.0008326394671107411,0.31166666666666665
scratch,3,0.5,0.02283653846153846,0.9923333333333333,14.692666666666666,0.012697803252612237,0.795
mae,3,0.5,0.024839743589743588,0.9866666666666667,13.631,0.009519617014251911,0.41633333333333333
supMAE,3,0.5,0.016426282051282052,0.9893333333333333,13.179666666666666,0.002355549397256478,0.31266666666666665
supLP120,3,0.5,0.013822115384615384,0.9603333333333334,13.495,0.006704742984852247,0.20466666666666666
supcon,3,0.5,0.014423076923076924,0.9676666666666667,13.536666666666667,0.008209818722794644,0.2613333333333333
scratch,3,0.6,0.019230769230769232,0.9973333333333333,14.599,0.04539669070852779,0.6583333333333333
mae,3,0.6,0.019631410256410256,0.99,13.679,0.0407673860911271,0.323
supMAE,3,0.6,0.011618589743589744,0.9993333333333333,12.964666666666666,0.020274867328888283,0.23433333333333334
supLP120,3,0.6,0.010416666666666666,0.965,13.342666666666666,0.0184851954850319,0.13666666666666666
supcon,3,0.6,0.010216346153846154,0.9756666666666667,13.388,0.02592131608853293,0.194
scratch,3,0.7,0.014022435897435898,0.998,14.694333333333333,0.07588048054215012,0.5563333333333333
mae,3,0.7,0.013822115384615384,0.996,13.874333333333333,0.07951610015601422,0.256
supMAE,3,0.7,0.008613782051282052,0.9966666666666667,13.157666666666668,0.04329107868930878,0.18266666666666667
supLP120,3,0.7,0.00641025641025641,0.9676666666666667,13.482666666666667,0.03622199020159023,0.12833333333333333
supcon,3,0.7,0.007411858974358974,0.986,13.334666666666667,0.04135488509573137,0.179
scratch,3,0.8,0.010216346153846154,0.997,14.963666666666667,0.12534020217729394,0.39766666666666667
mae,3,0.8,0.010216346153846154,0.987,14.505666666666666,0.1387698087760705,0.18833333333333332
supMAE,3,0.8,0.006009615384615385,0.9946666666666667,13.499333333333333,0.07533454909716693,0.13833333333333334
supLP120,3,0.8,0.004206730769230769,0.967,13.67,0.0515333544103699,0.11933333333333333
supcon,3,0.8,0.005608974358974359,0.9913333333333333,13.462666666666667,0.06580859456093004,0.148
scratch,3,0.85,0.008814102564102564,0.9953333333333333,15.220333333333333,0.16127376647614605,0.2906666666666667
mae,3,0.85,0.009014423076923076,0.987,15.125666666666667,0.18793736181076337,0.16733333333333333
supMAE,3,0.85,0.005608974358974359,0.996,13.793666666666667,0.09954977488744372,0.129
supLP120,3,0.85,0.0030048076923076925,0.9776666666666667,13.602333333333334,0.06880496637351267,0.08966666666666667
supcon,3,0.85,0.005208333333333333,0.9886666666666667,13.614333333333333,0.08142175499476921,0.108
scratch,3,0.9,0.008012820512820512,0.9973333333333333,15.987,0.2141232559156716,0.24833333333333332
mae,3,0.9,0.006810897435897436,0.9673333333333334,16.242333333333335,0.2626678716294319,0.12733333333333333
supMAE,3,0.9,0.005208333333333333,0.9993333333333333,14.255333333333333,0.13960495480415133,0.10533333333333333
supLP120,3,0.9,0.002003205128205128,0.9796666666666667,13.879333333333333,0.09129918974177752,0.089
supcon,3,0.9,0.0038060897435897435,0.9936666666666667,13.866,0.10908730944367452,0.09
scratch,3,0.93,0.006610576923076923,0.988,16.794333333333334,0.26476045188422526,0.20833333333333334
mae,3,0.93,0.005208333333333333,0.892,16.927333333333333,0.3398153525724471,0.09433333333333334
supMAE,3,0.93,0.004407051282051282,0.9996666666666667,15.078,0.18644604186446043,0.11066666666666666
supLP120,3,0.93,0.002003205128205128,0.983,14.138,0.11641263529931523,0.07233333333333333
supcon,3,0.93,0.003405448717948718,0.9923333333333333,14.200333333333333,0.13300243355901983,0.07533333333333334
scratch,3,0.95,0.006009615384615385,0.9533333333333334,17.725,0.326128220027116,0.17166666666666666
mae,3,0.95,0.004407051282051282,0.8253333333333334,17.500666666666667,0.40029294428276835,0.06833333333333333
supMAE,3,0.95,0.004006410256410256,0.9926666666666667,15.945,0.23935492095869454,0.08566666666666667
supLP120,3,0.95,0.002003205128205128,0.9846666666666667,14.476666666666667,0.14110151290984585,0.06933333333333333
supcon,3,0.95,0.002403846153846154,0.9916666666666667,14.644,0.16655829075708314,0.07466666666666667
scratch,3,0.97,0.003605769230769231,0.893,18.974,0.40907957540785067,0.086
mae,3,0.97,0.003405448717948718,0.7136666666666667,18.030333333333335,0.4771834673648775,0.069
supMAE,3,0.97,0.0028044871794871795,0.967,17.49,0.3184383545703148,0.101
supLP120,3,0.97,0.0018028846153846155,0.996,14.994666666666667,0.1902742692168892,0.072
supcon,3,0.97,0.002203525641025641,0.979,15.385,0.21649166831759448,0.06066666666666667
scratch,3,0.99,0.0026041666666666665,0.698,19.578333333333333,0.5143483665999034,0.091
mae,3,0.99,0.0016025641025641025,0.38033333333333336,17.596333333333334,0.6367181526227252,0.053
supMAE,3,0.99,0.0016025641025641025,0.7456666666666667,19.680333333333333,0.49920796170667037,0.107
supLP120,3,0.99,0.0018028846153846155,0.9526666666666667,17.06,0.3136015438845237,0.044333333333333336
supcon,3,0.99,0.0016025641025641025,0.8833333333333333,17.273,0.35658143662356406,0.06066666666666667
