task_success,mean_time,rejection_rate,corrective_per_mission,false_activation_rate,method,k,tau
0.898,15.564587973273943,0.0,1.1363333333333334,0.05494303564865858,scratch,1,0.0
0.898,15.564587973273943,0.0,1.1363333333333334,0.05494303564865858,scratch,1,0.3
0.9116666666666666,15.529433272394881,0.021920160251824295,1.0386666666666666,0.05108416023520764,scratch,1,0.5
0.9326666666666666,15.644388849177984,0.06551892950391645,0.8973333333333333,0.04116133774347666,scratch,1,0.6
0.9526666666666667,15.961161651504549,0.11998175182481752,0.7516666666666667,0.033443586916574786,scratch,1,0.7
0.9563333333333334,16.367723945625652,0.18466686948585337,0.538,0.027379639838294743,scratch,1,0.8
0.9443333333333334,16.40698905753618,0.2262729535212215,0.30233333333333334,0.023153252480705624,scratch,1,0.85
0.932,17.15343347639485,0.2749294699106972,0.23366666666666666,0.01966188901139287,scratch,1,0.9
0.9146666666666666,17.918731778425656,0.3155862793847149,0.19266666666666668,0.016905549430356485,scratch,1,0.93
0.902,18.84257206208426,0.35726724715338243,0.175,0.015435501653803748,scratch,1,0.95
0.833,20.4921968787515,0.42640138841673975,0.146,0.01396545387725101,scratch,1,0.97
0.6393333333333333,22.922314911366005,0.5320887833330423,0.07833333333333334,0.008820286659316428,scratch,1,0.99
0.993,14.597180261832829,0.0,0.8613333333333333,0.025440705128205128,scratch,3,0.0
0.9893333333333333,14.566711590296496,0.001034993985845758,0.8453333333333334,0.025240384615384616,scratch,3,0.3
0.991,14.56710393541877,0.0127829928216455,0.799,0.02283653846153846,scratch,3,0.5
0.9973333333333333,14.539438502673796,0.04571170549018566,0.6536666666666666,0.019230769230769232,scratch,3,0.6
0.998,14.664662658650634,0.07574822585621721,0.56,0.014022435897435898,scratch,3,0.7
0.997,14.904045469742561,0.12521917007597896,0.3953333333333333,0.010216346153846154,scratch,3,0.8
0.9953333333333333,15.162759544541192,0.16103003087285994,0.28933333333333333,0.008814102564102564,scratch,3,0.85
0.9973333333333333,15.997994652406417,0.2141232559156716,0.24833333333333332,0.008012820512820512,scratch,3,0.9
0.988,16.879217273954115,0.26476045188422526,0.20833333333333334,0.006610576923076923,scratch,3,0.93
0.9533333333333334,18.037062937062938,0.326128220027116,0.17166666666666666,0.006009615384615385,scratch,3,0.95
0.893,19.830533781261664,0.40907957540785067,0.086,0.003605769230769231,scratch,3,0.97
0.698,22.541069723018147,0.5143483665999034,0.091,0.0026041666666666665,scratch,3,0.99
0.8876666666666667,15.465264739016147,0.0,1.0893333333333333,0.05512679162072767,mae,1,0.0
0.8876666666666667,15.465264739016147,0.0,1.0893333333333333,0.0543917677324513,mae,1,0.3
0.9016666666666666,15.404066543438077,0.009185972615402391,1.0443333333333333,0.04557148107313488,mae,1,0.5
0.9003333333333333,15.611255090707145,0.039937177473636974,0.9866666666666667,0.03123851525174568,mae,1,0.6
0.9356666666666666,15.706804417527609,0.08799852678101652,0.8203333333333334,0.02278574053656744,mae,1,0.7
0.9483333333333334,16.170826010544815,0.1453919882034898,0.6913333333333334,0.01617052554208012,mae,1,0.8
0.9373333333333334,16.53058321479374,0.1799772090593989,0.6166666666666667,0.014149209849320103,mae,1,0.85
0.941,17.43145589798087,0.24764897122035304,0.49766666666666665,0.010474090407938258,mae,1,0.9
0.917,18.50563431479462,0.30969944522343473,0.421,0.008269018743109152,mae,1,0.93
0.8706666666666667,19.36332312404288,0.35579620583446137,0.3556666666666667,0.007166482910694598,mae,1,0.95
0.7883333333333333,21.18816067653277,0.43561048634438443,0.2843333333333333,0.005145167217934583,mae,1,0.97
0.5383333333333333,24.57956656346749,0.5644813841065219,0.16,0.0031238515251745683,mae,1,0.99
0.977,13.274309109518935,0.0,0.417,0.030248397435897436,mae,3,0.0
0.977,13.274309109518935,0.0,0.417,0.029847756410256412,mae,3,0.3
0.986,13.352265043948615,0.009371784532384105,0.4086666666666667,0.024839743589743588,mae,3,0.5
0.9916666666666667,13.474957983193278,0.040704689888182766,0.31933333333333336,0.019631410256410256,mae,3,0.6
0.996,13.79350736278447,0.07936385789406182,0.253,0.013822115384615384,mae,3,0.7
0.9873333333333333,14.452059419311276,0.13876939436415486,0.18566666666666667,0.010216346153846154,mae,3,0.8
0.987,15.205336035123269,0.18793736181076337,0.16733333333333333,0.009014423076923076,mae,3,0.85
0.9673333333333334,16.4631288766368,0.2626678716294319,0.12733333333333333,0.006810897435897436,mae,3,0.9
0.892,17.787742899850524,0.3398153525724471,0.09433333333333334,0.005208333333333333,mae,3,0.93
0.8253333333333334,19.003634894991922,0.40029294428276835,0.06833333333333333,0.004407051282051282,mae,3,0.95
0.7136666666666667,20.89350770667912,0.4771834673648775,0.069,0.003405448717948718,mae,3,0.97
0.38033333333333336,25.768624014022787,0.6367181526227252,0.053,0.0016025641025641025,mae,3,0.99
0.9266666666666666,14.777697841726619,0.0,0.8906666666666667,0.04299889746416759,supMAE,1,0.0
0.9266666666666666,14.777697841726619,0.0,0.8906666666666667,0.042080117603822124,supMAE,1,0.3
0.9296666666666666,14.679096450340625,0.01780407031050978,0.7933333333333333,0.036751194413818446,supMAE,1,0.5
0.9503333333333334,14.815854086285514,0.045043321398310875,0.728,0.03234105108416024,supMAE,1,0.6
0.9556666666666667,15.00313916986397,0.07606004740584672,0.6536666666666666,0.02701212789415656,supMAE,1,0.7
0.9763333333333334,15.264595425059747,0.11722303696154707,0.549,0.02296949650863653,supMAE,1,0.8
0.9966666666666667,15.517391304347827,0.1456509326227636,0.49033333333333334,0.0213156927600147,supMAE,1,0.85
0.9983333333333333,16.08414023372287,0.1857336956521739,0.452,0.019294377067254686,supMAE,1,0.9
0.9956666666666667,16.576498158687645,0.22333773286885777,0.38366666666666666,0.017640573318632856,supMAE,1,0.93
0.991,17.439623276152034,0.27084012385919165,0.343,0.01470047776552738,supMAE,1,0.95
0.974,18.654346338124572,0.33397992429235956,0.263,0.011760382212421904,supMAE,1,0.97
0.8286666666666667,21.736524537409494,0.4626855589144276,0.18366666666666667,0.006431459022418228,supMAE,1,0.99
0.9896666666666667,12.939710340181879,0.0,0.312,0.019230769230769232,supMAE,3,0.0
0.9896666666666667,12.939710340181879,0.0,0.312,0.019230769230769232,supMAE,3,0.3
0.9893333333333333,12.970687331536388,0.0019527980806784578,0.315,0.016426282051282052,supMAE,3,0.5
0.999,12.943943943943944,0.02002288329519451,0.23266666666666666,0.011618589743589744,supMAE,3,0.6
0.9966666666666667,13.093645484949834,0.04339486933589067,0.18266666666666667,0.008613782051282052,supMAE,3,0.7
0.9946666666666667,13.384718498659517,0.07487486454409412,0.13766666666666666,0.006009615384615385,supMAE,3,0.8
0.996,13.709839357429718,0.09923204336696281,0.12933333333333333,0.005608974358974359,supMAE,3,0.85
0.9993333333333333,14.259506337558372,0.13960495480415133,0.10533333333333333,0.005208333333333333,supMAE,3,0.9
0.9996666666666667,15.080360120040014,0.18644604186446043,0.11066666666666666,0.004407051282051282,supMAE,3,0.93
0.9926666666666667,15.99160510409671,0.23935492095869454,0.08566666666666667,0.004006410256410256,supMAE,3,0.95
0.967,17.714581178903828,0.3184383545703148,0.101,0.0028044871794871795,supMAE,3,0.97
0.7456666666666667,22.30308448815378,0.49920796170667037,0.107,0.0016025641025641025,supMAE,3,0.99
0.7903333333333333,14.568536482496837,0.0,0.8093333333333333,0.046857772877618525,supLP120,1,0.0
0.7903333333333333,14.568536482496837,0.0,0.8093333333333333,0.046857772877618525,supLP120,1,0.3
0.783,14.476798637718177,0.02707968599988705,0.6663333333333333,0.040793825799338476,supLP120,1,0.5
0.811,14.342786683107274,0.0517679180887372,0.539,0.03491363469312753,supLP120,1,0.6
0.8503333333333334,14.62093296746374,0.0772367348012522,0.517,0.0284821756707093,supLP120,1,0.7
0.8763333333333333,14.886648915937618,0.11049194382107466,0.44766666666666666,0.024990812201396546,supLP120,1,0.8
0.9,15.151111111111112,0.13329928498467825,0.42933333333333334,0.02113193678794561,supLP120,1,0.85
0.9213333333333333,15.81150506512301,0.16733597945365397,0.458,0.016905549430356485,supLP120,1,0.9
0.9393333333333334,16.203690560681334,0.19810707156794582,0.41633333333333333,0.014884233737596472,supLP120,1,0.93
0.944,16.66843220338983,0.22234084273824567,0.42,0.012495406100698273,supLP120,1,0.95
0.943,17.55461293743372,0.27191038897095027,0.38766666666666666,0.009187798603454611,supLP120,1,0.97
0.8763333333333333,20.519208824648157,0.3999643684304294,0.36333333333333334,0.004410143329658214,supLP120,1,0.99
0.957,12.688610240334379,0.0,0.22566666666666665,0.017427884615384616,supLP120,3,0.0
0.957,12.688610240334379,0.0,0.22566666666666665,0.017427884615384616,supLP120,3,0.3
0.9546666666666667,12.744762569832401,0.006531064065310641,0.22,0.013822115384615384,supLP120,3,0.5
0.9663333333333334,12.655743359779235,0.01832532226349137,0.14366666666666666,0.010416666666666666,supLP120,3,0.6
0.9666666666666667,12.821724137931035,0.036015983265842474,0.126,0.00641025641025641,supLP120,3,0.7
0.967,13.011720096518442,0.0515333544103699,0.11933333333333333,0.004206730769230769,supLP120,3,0.8
0.9776666666666667,13.161609273781112,0.06880496637351267,0.08966666666666667,0.0030048076923076925,supLP120,3,0.85
0.9796666666666667,13.474310990132699,0.09129918974177752,0.089,0.002003205128205128,supLP120,3,0.9
0.983,13.801288572397423,0.11641263529931523,0.07233333333333333,0.002003205128205128,supLP120,3,0.93
0.9846666666666667,14.179756262694651,0.14110151290984585,0.06933333333333333,0.002003205128205128,supLP120,3,0.95
0.996,15.014056224899598,0.1902742692168892,0.072,0.0018028846153846155,supLP120,3,0.97
0.9526666666666667,17.338698390482854,0.3136015438845237,0.044333333333333336,0.0018028846153846155,supLP120,3,0.99
0.9746666666666667,14.303351573187415,0.0,0.7636666666666667,0.05328923190003675,supcon,1,0.0
0.9743333333333334,14.334245638043106,0.0006943865788962031,0.774,0.05292171995589857,supcon,1,0.3
0.9863333333333333,14.185873605947956,0.012567226429590605,0.6786666666666666,0.04759279676589489,supcon,1,0.5
0.9886666666666667,14.169251517194875,0.032856029874002636,0.5866666666666667,0.03858875413450937,supcon,1,0.6
0.9906666666666667,14.143337819650068,0.05803548066356167,0.4656666666666667,0.03325983094450569,supcon,1,0.7
0.993,14.25746894931185,0.08654944051153231,0.375,0.02682837192208747,supcon,1,0.8
0.997,14.57271815446339,0.11350259807422365,0.3466666666666667,0.02462330025725836,supcon,1,0.85
0.9986666666666667,14.801068090787718,0.14199503864135102,0.274,0.020764424843807423,supcon,1,0.9
0.998,15.191382765531062,0.16942301473645308,0.251,0.018191841234840134,supcon,1,0.93
0.996,15.491967871485944,0.18829246242513278,0.24366666666666667,0.014884233737596472,supcon,1,0.95
0.984,16.226626016260163,0.2348587243354573,0.20833333333333334,0.011944138184490995,supcon,1,0.97
0.8583333333333333,19.028349514563107,0.3771135091465174,0.20133333333333334,0.007717750826901874,supcon,1,0.99
0.9643333333333334,12.8814379536813,0.0,0.29233333333333333,0.016025641025641024,supcon,3,0.0
0.9683333333333334,12.90843373493976,0.0006411864737531711,0.2996666666666667,0.015625,supcon,3,0.3
0.9713333333333334,12.877144818119424,0.008949781780012154,0.254,0.014423076923076924,supcon,3,0.5
0.9763333333333334,12.918060771594401,0.02541430470042583,0.20166666666666666,0.010216346153846154,supcon,3,0.6
0.9843333333333333,13.080257365391128,0.04166222127387176,0.185,0.007411858974358974,supcon,3,0.7
0.9903333333333333,13.30057219791316,0.06639305937970803,0.149,0.005608974358974359,supcon,3,0.8
0.9893333333333333,13.403638814016173,0.08268028079132099,0.10633333333333334,0.005208333333333333,supcon,3,0.85
0.9936666666666667,13.724253606172425,0.10901342847232545,0.08566666666666667,0.0038060897435897435,supcon,3,0.9
0.9926666666666667,14.062793821356616,0.1326496138996139,0.076,0.003405448717948718,supcon,3,0.93
0.9913333333333333,14.601546738399461,0.16700350779380677,0.07466666666666667,0.002403846153846154,supcon,3,0.95
0.9786666666666667,15.397479564032697,0.21657636227478966,0.059333333333333335,0.002203525641025641,supcon,3,0.97
0.8833333333333333,18.078490566037736,0.35658143662356406,0.06066666666666667,0.0016025641025641025,supcon,3,0.99
