test_subject,method,k,calibration_mode,calib_samples,eval_samples,final_acc,final_macro_f1,best_diag_acc,best_diag_macro_f1,best_diag_epoch,base_ckpt,pretrained_ckpt,calibration_ckpt
sub10,scratch,0,none,0,500,57.800000,0.514347,57.800000,0.514347,0,/home/ptimilsina/projects/DA_GestureRecognition-clean/trained_models/LOSO-fullTrainCalibrate-v2/models/sub10_scratch_baseFull_bestVal.pth,,
sub10,scratch,1,head_only,22,478,79.707113,0.753946,79.707113,0.753946,30,/home/ptimilsina/projects/DA_GestureRecognition-clean/trained_models/LOSO-fullTrainCalibrate-v2/models/sub10_scratch_baseFull_bestVal.pth,,/home/ptimilsina/projects/DA_GestureRecognition-clean/trained_models/LOSO-fullTrainCalibrate-v2/models/sub10_scratch_k1_head_only_last.pth
sub10,scratch,3,head_only,66,434,95.391705,0.949321,95.391705,0.949321,30,/home/ptimilsina/projects/DA_GestureRecognition-clean/trained_models/LOSO-fullTrainCalibrate-v2/models/sub10_scratch_baseFull_bestVal.pth,,/home/ptimilsina/projects/DA_GestureRecognition-clean/trained_models/LOSO-fullTrainCalibrate-v2/models/sub10_scratch_k3_head_only_last.pth
sub10,supLP120,0,none,0,500,57.000000,0.473427,57.000000,0.473427,0,/home/ptimilsina/projects/DA_GestureRecognition-clean/trained_models/LOSO-fullTrainCalibrate-v2/models/sub10_supLP120_baseFull_bestVal.pth,trained_models/SUPERVISED/sup_lr_ntu120_epoch_50.pth,
sub10,supLP120,1,head_only,22,478,78.451883,0.771375,80.753138,0.750142,9,/home/ptimilsina/projects/DA_GestureRecognition-clean/trained_models/LOSO-fullTrainCalibrate-v2/models/sub10_supLP120_baseFull_bestVal.pth,trained_models/SUPERVISED/sup_lr_ntu120_epoch_50.pth,/home/ptimilsina/projects/DA_GestureRecognition-clean/trained_models/LOSO-fullTrainCalibrate-v2/models/sub10_supLP120_k1_head_only_last.pth
sub10,supLP120,3,head_only,66,434,94.930876,0.944726,94.930876,0.944726,26,/home/ptimilsina/projects/DA_GestureRecognition-clean/trained_models/LOSO-fullTrainCalibrate-v2/models/sub10_supLP120_baseFull_bestVal.pth,trained_models/SUPERVISED/sup_lr_ntu120_epoch_50.pth,/home/ptimilsina/projects/DA_GestureRecognition-clean/trained_models/LOSO-fullTrainCalibrate-v2/models/sub10_supLP120_k3_head_only_last.pth
sub10,supMAE,0,none,0,500,54.000000,0.472715,54.000000,0.472715,0,/home/ptimilsina/projects/DA_GestureRecognition-clean/trained_models/LOSO-fullTrainCalibrate-v2/models/sub10_supMAE_baseFull_bestVal.pth,trained_models/SUPMAE/supmae_best.pth,
sub10,supMAE,1,head_only,22,478,81.380753,0.796902,81.380753,0.796902,30,/home/ptimilsina/projects/DA_GestureRecognition-clean/trained_models/LOSO-fullTrainCalibrate-v2/models/sub10_supMAE_baseFull_bestVal.pth,trained_models/SUPMAE/supmae_best.pth,/home/ptimilsina/projects/DA_GestureRecognition-clean/trained_models/LOSO-fullTrainCalibrate-v2/models/sub10_supMAE_k1_head_only_last.pth
sub10,supMAE,3,head_only,66,434,94.009217,0.929331,94.009217,0.929331,30,/home/ptimilsina/projects/DA_GestureRecognition-clean/trained_models/LOSO-fullTrainCalibrate-v2/models/sub10_supMAE_baseFull_bestVal.pth,trained_models/SUPMAE/supmae_best.pth,/home/ptimilsina/projects/DA_GestureRecognition-clean/trained_models/LOSO-fullTrainCalibrate-v2/models/sub10_supMAE_k3_head_only_last.pth
sub10,mae,0,none,0,500,55.600000,0.476185,55.600000,0.476185,0,/home/ptimilsina/projects/DA_GestureRecognition-clean/trained_models/LOSO-fullTrainCalibrate-v2/models/sub10_mae_baseFull_bestVal.pth,trained_models/MAE/mae_geoLoss_epoch_50.pth,
sub10,mae,1,head_only,22,478,80.753138,0.795026,80.753138,0.795026,30,/home/ptimilsina/projects/DA_GestureRecognition-clean/trained_models/LOSO-fullTrainCalibrate-v2/models/sub10_mae_baseFull_bestVal.pth,trained_models/MAE/mae_geoLoss_epoch_50.pth,/home/ptimilsina/projects/DA_GestureRecognition-clean/trained_models/LOSO-fullTrainCalibrate-v2/models/sub10_mae_k1_head_only_last.pth
sub10,mae,3,head_only,66,434,93.317972,0.931023,93.778802,0.933151,25,/home/ptimilsina/projects/DA_GestureRecognition-clean/trained_models/LOSO-fullTrainCalibrate-v2/models/sub10_mae_baseFull_bestVal.pth,trained_models/MAE/mae_geoLoss_epoch_50.pth,/home/ptimilsina/projects/DA_GestureRecognition-clean/trained_models/LOSO-fullTrainCalibrate-v2/models/sub10_mae_k3_head_only_last.pth
sub10,supcon,0,none,0,500,51.200000,0.410844,51.200000,0.410844,0,/home/ptimilsina/projects/DA_GestureRecognition-clean/trained_models/LOSO-fullTrainCalibrate-v2/models/sub10_supcon_baseFull_bestVal.pth,trained_models/ContrastiveNTU/supcon_epoch_50.pth,
sub10,supcon,1,head_only,22,478,82.426778,0.807847,82.426778,0.807855,28,/home/ptimilsina/projects/DA_GestureRecognition-clean/trained_models/LOSO-fullTrainCalibrate-v2/models/sub10_supcon_baseFull_bestVal.pth,trained_models/ContrastiveNTU/supcon_epoch_50.pth,/home/ptimilsina/projects/DA_GestureRecognition-clean/trained_models/LOSO-fullTrainCalibrate-v2/models/sub10_supcon_k1_head_only_last.pth
sub10,supcon,3,head_only,66,434,94.470046,0.937400,94.470046,0.937400,30,/home/ptimilsina/projects/DA_GestureRecognition-clean/trained_models/LOSO-fullTrainCalibrate-v2/models/sub10_supcon_baseFull_bestVal.pth,trained_models/ContrastiveNTU/supcon_epoch_50.pth,/home/ptimilsina/projects/DA_GestureRecognition-clean/trained_models/LOSO-fullTrainCalibrate-v2/models/sub10_supcon_k3_head_only_last.pth
sub11,scratch,0,none,0,533,49.155722,0.431401,49.155722,0.431401,0,/home/ptimilsina/projects/DA_GestureRecognition-clean/trained_models/LOSO-fullTrainCalibrate-v2/models/sub11_scratch_baseFull_bestVal.pth,,
sub11,scratch,1,head_only,22,511,76.516634,0.764134,76.516634,0.764134,30,/home/ptimilsina/projects/DA_GestureRecognition-clean/trained_models/LOSO-fullTrainCalibrate-v2/models/sub11_scratch_baseFull_bestVal.pth,,/home/ptimilsina/projects/DA_GestureRecognition-clean/trained_models/LOSO-fullTrainCalibrate-v2/models/sub11_scratch_k1_head_only_last.pth
sub11,scratch,3,head_only,66,467,84.582441,0.849283,84.582441,0.849561,28,/home/ptimilsina/projects/DA_GestureRecognition-clean/trained_models/LOSO-fullTrainCalibrate-v2/models/sub11_scratch_baseFull_bestVal.pth,,/home/ptimilsina/projects/DA_GestureRecognition-clean/trained_models/LOSO-fullTrainCalibrate-v2/models/sub11_scratch_k3_head_only_last.pth
sub11,supLP120,0,none,0,533,53.470919,0.459977,53.470919,0.459977,0,/home/ptimilsina/projects/DA_GestureRecognition-clean/trained_models/LOSO-fullTrainCalibrate-v2/models/sub11_supLP120_baseFull_bestVal.pth,trained_models/SUPERVISED/sup_lr_ntu120_epoch_50.pth,
sub11,supLP120,1,head_only,22,511,72.015656,0.731490,74.951076,0.750681,10,/home/ptimilsina/projects/DA_GestureRecognition-clean/trained_models/LOSO-fullTrainCalibrate-v2/models/sub11_supLP120_baseFull_bestVal.pth,trained_models/SUPERVISED/sup_lr_ntu120_epoch_50.pth,/home/ptimilsina/projects/DA_GestureRecognition-clean/trained_models/LOSO-fullTrainCalibrate-v2/models/sub11_supLP120_k1_head_only_last.pth
sub11,supLP120,3,head_only,66,467,85.653105,0.861825,87.152034,0.864393,12,/home/ptimilsina/projects/DA_GestureRecognition-clean/trained_models/LOSO-fullTrainCalibrate-v2/models/sub11_supLP120_baseFull_bestVal.pth,trained_models/SUPERVISED/sup_lr_ntu120_epoch_50.pth,/home/ptimilsina/projects/DA_GestureRecognition-clean/trained_models/LOSO-fullTrainCalibrate-v2/models/sub11_supLP120_k3_head_only_last.pth
sub11,supMAE,0,none,0,533,51.407129,0.451061,51.407129,0.451061,0,/home/ptimilsina/projects/DA_GestureRecognition-clean/trained_models/LOSO-fullTrainCalibrate-v2/models/sub11_supMAE_baseFull_bestVal.pth,trained_models/SUPMAE/supmae_best.pth,
sub11,supMAE,1,head_only,22,511,75.342466,0.761542,76.516634,0.772454,23,/home/ptimilsina/projects/DA_GestureRecognition-clean/trained_models/LOSO-fullTrainCalibrate-v2/models/sub11_supMAE_baseFull_bestVal.pth,trained_models/SUPMAE/supmae_best.pth,/home/ptimilsina/projects/DA_GestureRecognition-clean/trained_models/LOSO-fullTrainCalibrate-v2/models/sub11_supMAE_k1_head_only_last.pth
sub11,supMAE,3,head_only,66,467,85.224839,0.855804,86.295503,0.863220,25,/home/ptimilsina/projects/DA_GestureRecognition-clean/trained_models/LOSO-fullTrainCalibrate-v2/models/sub11_supMAE_baseFull_bestVal.pth,trained_models/SUPMAE/supmae_best.pth,/home/ptimilsina/projects/DA_GestureRecognition-clean/trained_models/LOSO-fullTrainCalibrate-v2/models/sub11_supMAE_k3_head_only_last.pth
sub11,mae,0,none,0,533,44.652908,0.376279,44.652908,0.376279,0,/home/ptimilsina/projects/DA_GestureRecognition-clean/trained_models/LOSO-fullTrainCalibrate-v2/models/sub11_mae_baseFull_bestVal.pth,trained_models/MAE/mae_geoLoss_epoch_50.pth,
sub11,mae,1,head_only,22,511,69.863014,0.701845,70.254403,0.690965,16,/home/ptimilsina/projects/DA_GestureRecognition-clean/trained_models/LOSO-fullTrainCalibrate-v2/models/sub11_mae_baseFull_bestVal.pth,trained_models/MAE/mae_geoLoss_epoch_50.pth,/home/ptimilsina/projects/DA_GestureRecognition-clean/trained_models/LOSO-fullTrainCalibrate-v2/models/sub11_mae_k1_head_only_last.pth
sub11,mae,3,head_only,66,467,81.798715,0.831630,81.798715,0.831630,30,/home/ptimilsina/projects/DA_GestureRecognition-clean/trained_models/LOSO-fullTrainCalibrate-v2/models/sub11_mae_baseFull_bestVal.pth,trained_models/MAE/mae_geoLoss_epoch_50.pth,/home/ptimilsina/projects/DA_GestureRecognition-clean/trained_models/LOSO-fullTrainCalibrate-v2/models/sub11_mae_k3_head_only_last.pth
sub11,supcon,0,none,0,533,51.782364,0.446995,51.782364,0.446995,0,/home/ptimilsina/projects/DA_GestureRecognition-clean/trained_models/LOSO-fullTrainCalibrate-v2/models/sub11_supcon_baseFull_bestVal.pth,trained_models/ContrastiveNTU/supcon_epoch_50.pth,
sub11,supcon,1,head_only,22,511,79.452055,0.806574,79.452055,0.805958,24,/home/ptimilsina/projects/DA_GestureRecognition-clean/trained_models/LOSO-fullTrainCalibrate-v2/models/sub11_supcon_baseFull_bestVal.pth,trained_models/ContrastiveNTU/supcon_epoch_50.pth,/home/ptimilsina/projects/DA_GestureRecognition-clean/trained_models/LOSO-fullTrainCalibrate-v2/models/sub11_supcon_k1_head_only_last.pth
sub11,supcon,3,head_only,66,467,85.653105,0.864175,87.366167,0.876118,15,/home/ptimilsina/projects/DA_GestureRecognition-clean/trained_models/LOSO-fullTrainCalibrate-v2/models/sub11_supcon_baseFull_bestVal.pth,trained_models/ContrastiveNTU/supcon_epoch_50.pth,/home/ptimilsina/projects/DA_GestureRecognition-clean/trained_models/LOSO-fullTrainCalibrate-v2/models/sub11_supcon_k3_head_only_last.pth
sub7,scratch,0,none,0,546,50.183150,0.399865,50.183150,0.399865,0,/home/ptimilsina/projects/DA_GestureRecognition-clean/trained_models/LOSO-fullTrainCalibrate-v2/models/sub7_scratch_baseFull_bestVal.pth,,
sub7,scratch,1,head_only,22,524,79.389313,0.802421,80.725191,0.818296,22,/home/ptimilsina/projects/DA_GestureRecognition-clean/trained_models/LOSO-fullTrainCalibrate-v2/models/sub7_scratch_baseFull_bestVal.pth,,/home/ptimilsina/projects/DA_GestureRecognition-clean/trained_models/LOSO-fullTrainCalibrate-v2/models/sub7_scratch_k1_head_only_last.pth
sub7,scratch,3,head_only,66,480,84.583333,0.847741,84.583333,0.847741,30,/home/ptimilsina/projects/DA_GestureRecognition-clean/trained_models/LOSO-fullTrainCalibrate-v2/models/sub7_scratch_baseFull_bestVal.pth,,/home/ptimilsina/projects/DA_GestureRecognition-clean/trained_models/LOSO-fullTrainCalibrate-v2/models/sub7_scratch_k3_head_only_last.pth
sub7,supLP120,0,none,0,546,56.776557,0.477813,56.776557,0.477813,0,/home/ptimilsina/projects/DA_GestureRecognition-clean/trained_models/LOSO-fullTrainCalibrate-v2/models/sub7_supLP120_baseFull_bestVal.pth,trained_models/SUPERVISED/sup_lr_ntu120_epoch_50.pth,
sub7,supLP120,1,head_only,22,524,86.068702,0.859054,86.259542,0.861246,22,/home/ptimilsina/projects/DA_GestureRecognition-clean/trained_models/LOSO-fullTrainCalibrate-v2/models/sub7_supLP120_baseFull_bestVal.pth,trained_models/SUPERVISED/sup_lr_ntu120_epoch_50.pth,/home/ptimilsina/projects/DA_GestureRecognition-clean/trained_models/LOSO-fullTrainCalibrate-v2/models/sub7_supLP120_k1_head_only_last.pth
sub7,supLP120,3,head_only,66,480,95.000000,0.950085,95.000000,0.950085,29,/home/ptimilsina/projects/DA_GestureRecognition-clean/trained_models/LOSO-fullTrainCalibrate-v2/models/sub7_supLP120_baseFull_bestVal.pth,trained_models/SUPERVISED/sup_lr_ntu120_epoch_50.pth,/home/ptimilsina/projects/DA_GestureRecognition-clean/trained_models/LOSO-fullTrainCalibrate-v2/models/sub7_supLP120_k3_head_only_last.pth
sub7,supMAE,0,none,0,546,55.677656,0.464108,55.677656,0.464108,0,/home/ptimilsina/projects/DA_GestureRecognition-clean/trained_models/LOSO-fullTrainCalibrate-v2/models/sub7_supMAE_baseFull_bestVal.pth,trained_models/SUPMAE/supmae_best.pth,
sub7,supMAE,1,head_only,22,524,82.442748,0.825601,82.442748,0.823743,29,/home/ptimilsina/projects/DA_GestureRecognition-clean/trained_models/LOSO-fullTrainCalibrate-v2/models/sub7_supMAE_baseFull_bestVal.pth,trained_models/SUPMAE/supmae_best.pth,/home/ptimilsina/projects/DA_GestureRecognition-clean/trained_models/LOSO-fullTrainCalibrate-v2/models/sub7_supMAE_k1_head_only_last.pth
sub7,supMAE,3,head_only,66,480,89.583333,0.891108,89.583333,0.891108,30,/home/ptimilsina/projects/DA_GestureRecognition-clean/trained_models/LOSO-fullTrainCalibrate-v2/models/sub7_supMAE_baseFull_bestVal.pth,trained_models/SUPMAE/supmae_best.pth,/home/ptimilsina/projects/DA_GestureRecognition-clean/trained_models/LOSO-fullTrainCalibrate-v2/models/sub7_supMAE_k3_head_only_last.pth
sub7,mae,0,none,0,546,53.479853,0.435995,53.479853,0.435995,0,/home/ptimilsina/projects/DA_GestureRecognition-clean/trained_models/LOSO-fullTrainCalibrate-v2/models/sub7_mae_baseFull_bestVal.pth,trained_models/MAE/mae_geoLoss_epoch_50.pth,
sub7,mae,1,head_only,22,524,80.725191,0.833177,82.442748,0.831286,21,/home/ptimilsina/projects/DA_GestureRecognition-clean/trained_models/LOSO-fullTrainCalibrate-v2/models/sub7_mae_baseFull_bestVal.pth,trained_models/MAE/mae_geoLoss_epoch_50.pth,/home/ptimilsina/projects/DA_GestureRecognition-clean/trained_models/LOSO-fullTrainCalibrate-v2/models/sub7_mae_k1_head_only_last.pth
sub7,mae,3,head_only,66,480,86.250000,0.858412,86.666667,0.863300,29,/home/ptimilsina/projects/DA_GestureRecognition-clean/trained_models/LOSO-fullTrainCalibrate-v2/models/sub7_mae_baseFull_bestVal.pth,trained_models/MAE/mae_geoLoss_epoch_50.pth,/home/ptimilsina/projects/DA_GestureRecognition-clean/trained_models/LOSO-fullTrainCalibrate-v2/models/sub7_mae_k3_head_only_last.pth
sub7,supcon,0,none,0,546,63.919414,0.552492,63.919414,0.552492,0,/home/ptimilsina/projects/DA_GestureRecognition-clean/trained_models/LOSO-fullTrainCalibrate-v2/models/sub7_supcon_baseFull_bestVal.pth,trained_models/ContrastiveNTU/supcon_epoch_50.pth,
sub7,supcon,1,head_only,22,524,90.839695,0.909391,90.839695,0.910257,29,/home/ptimilsina/projects/DA_GestureRecognition-clean/trained_models/LOSO-fullTrainCalibrate-v2/models/sub7_supcon_baseFull_bestVal.pth,trained_models/ContrastiveNTU/supcon_epoch_50.pth,/home/ptimilsina/projects/DA_GestureRecognition-clean/trained_models/LOSO-fullTrainCalibrate-v2/models/sub7_supcon_k1_head_only_last.pth
sub7,supcon,3,head_only,66,480,93.125000,0.929097,95.000000,0.949915,14,/home/ptimilsina/projects/DA_GestureRecognition-clean/trained_models/LOSO-fullTrainCalibrate-v2/models/sub7_supcon_baseFull_bestVal.pth,trained_models/ContrastiveNTU/supcon_epoch_50.pth,/home/ptimilsina/projects/DA_GestureRecognition-clean/trained_models/LOSO-fullTrainCalibrate-v2/models/sub7_supcon_k3_head_only_last.pth
sub8,scratch,0,none,0,543,67.955801,0.552053,67.955801,0.552053,0,/home/ptimilsina/projects/DA_GestureRecognition-clean/trained_models/LOSO-fullTrainCalibrate-v2/models/sub8_scratch_baseFull_bestVal.pth,,
sub8,scratch,1,head_only,22,521,89.251440,0.884961,89.635317,0.890124,29,/home/ptimilsina/projects/DA_GestureRecognition-clean/trained_models/LOSO-fullTrainCalibrate-v2/models/sub8_scratch_baseFull_bestVal.pth,,/home/ptimilsina/projects/DA_GestureRecognition-clean/trained_models/LOSO-fullTrainCalibrate-v2/models/sub8_scratch_k1_head_only_last.pth
sub8,scratch,3,head_only,66,477,92.662474,0.915341,92.662474,0.915341,30,/home/ptimilsina/projects/DA_GestureRecognition-clean/trained_models/LOSO-fullTrainCalibrate-v2/models/sub8_scratch_baseFull_bestVal.pth,,/home/ptimilsina/projects/DA_GestureRecognition-clean/trained_models/LOSO-fullTrainCalibrate-v2/models/sub8_scratch_k3_head_only_last.pth
sub8,supLP120,0,none,0,543,65.193370,0.556096,65.193370,0.556096,0,/home/ptimilsina/projects/DA_GestureRecognition-clean/trained_models/LOSO-fullTrainCalibrate-v2/models/sub8_supLP120_baseFull_bestVal.pth,trained_models/SUPERVISED/sup_lr_ntu120_epoch_50.pth,
sub8,supLP120,1,head_only,22,521,81.573896,0.797387,84.261036,0.816128,13,/home/ptimilsina/projects/DA_GestureRecognition-clean/trained_models/LOSO-fullTrainCalibrate-v2/models/sub8_supLP120_baseFull_bestVal.pth,trained_models/SUPERVISED/sup_lr_ntu120_epoch_50.pth,/home/ptimilsina/projects/DA_GestureRecognition-clean/trained_models/LOSO-fullTrainCalibrate-v2/models/sub8_supLP120_k1_head_only_last.pth
sub8,supLP120,3,head_only,66,477,94.549266,0.945314,94.549266,0.945314,30,/home/ptimilsina/projects/DA_GestureRecognition-clean/trained_models/LOSO-fullTrainCalibrate-v2/models/sub8_supLP120_baseFull_bestVal.pth,trained_models/SUPERVISED/sup_lr_ntu120_epoch_50.pth,/home/ptimilsina/projects/DA_GestureRecognition-clean/trained_models/LOSO-fullTrainCalibrate-v2/models/sub8_supLP120_k3_head_only_last.pth
sub8,supMAE,0,none,0,543,63.167587,0.524134,63.167587,0.524134,0,/home/ptimilsina/projects/DA_GestureRecognition-clean/trained_models/LOSO-fullTrainCalibrate-v2/models/sub8_supMAE_baseFull_bestVal.pth,trained_models/SUPMAE/supmae_best.pth,
sub8,supMAE,1,head_only,22,521,90.211132,0.892683,90.403071,0.894751,26,/home/ptimilsina/projects/DA_GestureRecognition-clean/trained_models/LOSO-fullTrainCalibrate-v2/models/sub8_supMAE_baseFull_bestVal.pth,trained_models/SUPMAE/supmae_best.pth,/home/ptimilsina/projects/DA_GestureRecognition-clean/trained_models/LOSO-fullTrainCalibrate-v2/models/sub8_supMAE_k1_head_only_last.pth
sub8,supMAE,3,head_only,66,477,94.129979,0.943092,94.129979,0.943092,30,/home/ptimilsina/projects/DA_GestureRecognition-clean/trained_models/LOSO-fullTrainCalibrate-v2/models/sub8_supMAE_baseFull_bestVal.pth,trained_models/SUPMAE/supmae_best.pth,/home/ptimilsina/projects/DA_GestureRecognition-clean/trained_models/LOSO-fullTrainCalibrate-v2/models/sub8_supMAE_k3_head_only_last.pth
sub8,mae,0,none,0,543,62.246777,0.510316,62.246777,0.510316,0,/home/ptimilsina/projects/DA_GestureRecognition-clean/trained_models/LOSO-fullTrainCalibrate-v2/models/sub8_mae_baseFull_bestVal.pth,trained_models/MAE/mae_geoLoss_epoch_50.pth,
sub8,mae,1,head_only,22,521,81.957774,0.801582,81.957774,0.801582,30,/home/ptimilsina/projects/DA_GestureRecognition-clean/trained_models/LOSO-fullTrainCalibrate-v2/models/sub8_mae_baseFull_bestVal.pth,trained_models/MAE/mae_geoLoss_epoch_50.pth,/home/ptimilsina/projects/DA_GestureRecognition-clean/trained_models/LOSO-fullTrainCalibrate-v2/models/sub8_mae_k1_head_only_last.pth
sub8,mae,3,head_only,66,477,86.163522,0.865459,86.373166,0.867863,28,/home/ptimilsina/projects/DA_GestureRecognition-clean/trained_models/LOSO-fullTrainCalibrate-v2/models/sub8_mae_baseFull_bestVal.pth,trained_models/MAE/mae_geoLoss_epoch_50.pth,/home/ptimilsina/projects/DA_GestureRecognition-clean/trained_models/LOSO-fullTrainCalibrate-v2/models/sub8_mae_k3_head_only_last.pth
sub8,supcon,0,none,0,543,71.270718,0.629982,71.270718,0.629982,0,/home/ptimilsina/projects/DA_GestureRecognition-clean/trained_models/LOSO-fullTrainCalibrate-v2/models/sub8_supcon_baseFull_bestVal.pth,trained_models/ContrastiveNTU/supcon_epoch_50.pth,
sub8,supcon,1,head_only,22,521,86.180422,0.860224,88.675624,0.868841,8,/home/ptimilsina/projects/DA_GestureRecognition-clean/trained_models/LOSO-fullTrainCalibrate-v2/models/sub8_supcon_baseFull_bestVal.pth,trained_models/ContrastiveNTU/supcon_epoch_50.pth,/home/ptimilsina/projects/DA_GestureRecognition-clean/trained_models/LOSO-fullTrainCalibrate-v2/models/sub8_supcon_k1_head_only_last.pth
sub8,supcon,3,head_only,66,477,90.985325,0.911260,92.662474,0.914546,8,/home/ptimilsina/projects/DA_GestureRecognition-clean/trained_models/LOSO-fullTrainCalibrate-v2/models/sub8_supcon_baseFull_bestVal.pth,trained_models/ContrastiveNTU/supcon_epoch_50.pth,/home/ptimilsina/projects/DA_GestureRecognition-clean/trained_models/LOSO-fullTrainCalibrate-v2/models/sub8_supcon_k3_head_only_last.pth
sub9,scratch,0,none,0,536,59.141791,0.558401,59.141791,0.558401,0,/home/ptimilsina/projects/DA_GestureRecognition-clean/trained_models/LOSO-fullTrainCalibrate-v2/models/sub9_scratch_baseFull_bestVal.pth,,
sub9,scratch,1,head_only,22,514,74.708171,0.729852,75.097276,0.732912,23,/home/ptimilsina/projects/DA_GestureRecognition-clean/trained_models/LOSO-fullTrainCalibrate-v2/models/sub9_scratch_baseFull_bestVal.pth,,/home/ptimilsina/projects/DA_GestureRecognition-clean/trained_models/LOSO-fullTrainCalibrate-v2/models/sub9_scratch_k1_head_only_last.pth
sub9,scratch,3,head_only,66,470,91.702128,0.908073,91.702128,0.908073,29,/home/ptimilsina/projects/DA_GestureRecognition-clean/trained_models/LOSO-fullTrainCalibrate-v2/models/sub9_scratch_baseFull_bestVal.pth,,/home/ptimilsina/projects/DA_GestureRecognition-clean/trained_models/LOSO-fullTrainCalibrate-v2/models/sub9_scratch_k3_head_only_last.pth
sub9,supLP120,0,none,0,536,52.985075,0.521273,52.985075,0.521273,0,/home/ptimilsina/projects/DA_GestureRecognition-clean/trained_models/LOSO-fullTrainCalibrate-v2/models/sub9_supLP120_baseFull_bestVal.pth,trained_models/SUPERVISED/sup_lr_ntu120_epoch_50.pth,
sub9,supLP120,1,head_only,22,514,73.540856,0.718834,73.929961,0.724179,26,/home/ptimilsina/projects/DA_GestureRecognition-clean/trained_models/LOSO-fullTrainCalibrate-v2/models/sub9_supLP120_baseFull_bestVal.pth,trained_models/SUPERVISED/sup_lr_ntu120_epoch_50.pth,/home/ptimilsina/projects/DA_GestureRecognition-clean/trained_models/LOSO-fullTrainCalibrate-v2/models/sub9_supLP120_k1_head_only_last.pth
sub9,supLP120,3,head_only,66,470,88.723404,0.878214,88.723404,0.878214,30,/home/ptimilsina/projects/DA_GestureRecognition-clean/trained_models/LOSO-fullTrainCalibrate-v2/models/sub9_supLP120_baseFull_bestVal.pth,trained_models/SUPERVISED/sup_lr_ntu120_epoch_50.pth,/home/ptimilsina/projects/DA_GestureRecognition-clean/trained_models/LOSO-fullTrainCalibrate-v2/models/sub9_supLP120_k3_head_only_last.pth
sub9,supMAE,0,none,0,536,54.291045,0.526326,54.291045,0.526326,0,/home/ptimilsina/projects/DA_GestureRecognition-clean/trained_models/LOSO-fullTrainCalibrate-v2/models/sub9_supMAE_baseFull_bestVal.pth,trained_models/SUPMAE/supmae_best.pth,
sub9,supMAE,1,head_only,22,514,75.680934,0.741450,76.459144,0.744726,20,/home/ptimilsina/projects/DA_GestureRecognition-clean/trained_models/LOSO-fullTrainCalibrate-v2/models/sub9_supMAE_baseFull_bestVal.pth,trained_models/SUPMAE/supmae_best.pth,/home/ptimilsina/projects/DA_GestureRecognition-clean/trained_models/LOSO-fullTrainCalibrate-v2/models/sub9_supMAE_k1_head_only_last.pth
sub9,supMAE,3,head_only,66,470,91.702128,0.916413,91.702128,0.916413,30,/home/ptimilsina/projects/DA_GestureRecognition-clean/trained_models/LOSO-fullTrainCalibrate-v2/models/sub9_supMAE_baseFull_bestVal.pth,trained_models/SUPMAE/supmae_best.pth,/home/ptimilsina/projects/DA_GestureRecognition-clean/trained_models/LOSO-fullTrainCalibrate-v2/models/sub9_supMAE_k3_head_only_last.pth
sub9,mae,0,none,0,536,48.134328,0.442381,48.134328,0.442381,0,/home/ptimilsina/projects/DA_GestureRecognition-clean/trained_models/LOSO-fullTrainCalibrate-v2/models/sub9_mae_baseFull_bestVal.pth,trained_models/MAE/mae_geoLoss_epoch_50.pth,
sub9,mae,1,head_only,22,514,72.568093,0.708337,72.568093,0.708337,30,/home/ptimilsina/projects/DA_GestureRecognition-clean/trained_models/LOSO-fullTrainCalibrate-v2/models/sub9_mae_baseFull_bestVal.pth,trained_models/MAE/mae_geoLoss_epoch_50.pth,/home/ptimilsina/projects/DA_GestureRecognition-clean/trained_models/LOSO-fullTrainCalibrate-v2/models/sub9_mae_k1_head_only_last.pth
sub9,mae,3,head_only,66,470,88.085106,0.871274,88.085106,0.871274,30,/home/ptimilsina/projects/DA_GestureRecognition-clean/trained_models/LOSO-fullTrainCalibrate-v2/models/sub9_mae_baseFull_bestVal.pth,trained_models/MAE/mae_geoLoss_epoch_50.pth,/home/ptimilsina/projects/DA_GestureRecognition-clean/trained_models/LOSO-fullTrainCalibrate-v2/models/sub9_mae_k3_head_only_last.pth
sub9,supcon,0,none,0,536,52.985075,0.498767,52.985075,0.498767,0,/home/ptimilsina/projects/DA_GestureRecognition-clean/trained_models/LOSO-fullTrainCalibrate-v2/models/sub9_supcon_baseFull_bestVal.pth,trained_models/ContrastiveNTU/supcon_epoch_50.pth,
sub9,supcon,1,head_only,22,514,71.011673,0.694774,71.011673,0.694774,30,/home/ptimilsina/projects/DA_GestureRecognition-clean/trained_models/LOSO-fullTrainCalibrate-v2/models/sub9_supcon_baseFull_bestVal.pth,trained_models/ContrastiveNTU/supcon_epoch_50.pth,/home/ptimilsina/projects/DA_GestureRecognition-clean/trained_models/LOSO-fullTrainCalibrate-v2/models/sub9_supcon_k1_head_only_last.pth
sub9,supcon,3,head_only,66,470,90.425532,0.886210,90.425532,0.886570,29,/home/ptimilsina/projects/DA_GestureRecognition-clean/trained_models/LOSO-fullTrainCalibrate-v2/models/sub9_supcon_baseFull_bestVal.pth,trained_models/ContrastiveNTU/supcon_epoch_50.pth,/home/ptimilsina/projects/DA_GestureRecognition-clean/trained_models/LOSO-fullTrainCalibrate-v2/models/sub9_supcon_k3_head_only_last.pth
